"Post ID","Account ID","Account username","Account name",Description,"Duration (sec)","Publish time",Permalink,"Post type","Data comment",Date,Views,Reach,Likes,Shares,"Profile visits",Replies,Navigation,Follows,"Link clicks","Sticker taps"
18084836212792401,17841400849550874,microsoftlearn,"Microsoft Learn",,0,"11/04/2025 13:33",https://www.instagram.com/stories/microsoftlearn/3758700261292493953,"IG story",,Lifetime,1676,1424,18,0,,0,1536,,,
18077567069565772,17841400849550874,microsoftlearn,"Microsoft Learn",,0,"04/03/2026 13:27",https://www.instagram.com/stories/microsoftlearn/3867383496247815280,"IG story",,Lifetime,1494,1295,29,0,3,0,1117,,1,
18193156780359658,17841400849550874,microsoftlearn,"Microsoft Learn",,0,"04/03/2026 13:26",https://www.instagram.com/stories/microsoftlearn/3867383102234899444,"IG story",,Lifetime,1587,1376,29,0,1,0,1187,,11,
17907879513204791,17841400849550874,microsoftlearn,"Microsoft Learn",,0,"04/03/2026 13:26",https://www.instagram.com/stories/microsoftlearn/3867382867320370722,"IG story",,Lifetime,1751,1499,33,1,1,0,1245,,16,
18079276991120504,17841400849550874,microsoftlearn,"Microsoft Learn",,0,"04/03/2026 13:25",https://www.instagram.com/stories/microsoftlearn/3867382586553621656,"IG story",,Lifetime,1868,1621,34,0,2,0,1329,,,
18053348249495452,17841400849550874,microsoftlearn,"Microsoft Learn",,0,"04/03/2026 13:25",https://www.instagram.com/stories/microsoftlearn/3867382259649563373,"IG story",,Lifetime,2684,2234,44,4,20,1,1723,,25,
18175154569396437,17841400849550874,microsoftlearn,"Microsoft Learn",,0,"04/01/2026 11:11",https://www.instagram.com/stories/microsoftlearn/3865865272972387697,"IG story",,Lifetime,1716,1426,24,1,4,1,1243,,,4
18117158374630574,17841400849550874,microsoftlearn,"Microsoft Learn",,0,"03/31/2026 14:30",https://www.instagram.com/stories/microsoftlearn/3865240608206449539,"IG story",,Lifetime,1690,1330,15,4,8,2,1525,,41,
18102892640311591,17841400849550874,microsoftlearn,"Microsoft Learn",,0,"03/31/2026 14:30",https://www.instagram.com/stories/microsoftlearn/3865240568066989077,"IG story",,Lifetime,2069,1704,23,0,7,0,1843,,,
18098687686976207,17841400849550874,microsoftlearn,"Microsoft Learn",,0,"03/25/2026 08:15",https://www.instagram.com/stories/microsoftlearn/3860703363038427378,"IG story",,Lifetime,1924,1554,22,1,17,1,1721,,,43
18083293682342654,17841400849550874,microsoftlearn,"Microsoft Learn",,0,"03/24/2026 13:32",https://www.instagram.com/stories/microsoftlearn/3860138013615917295,"IG story",,Lifetime,1604,1316,15,0,9,0,1420,1,,14
18131300398558542,17841400849550874,microsoftlearn,"Microsoft Learn",,0,"03/24/2026 08:02",https://www.instagram.com/stories/microsoftlearn/3859971841691974496,"IG story",,Lifetime,1686,1413,7,0,9,0,1567,,,
18016489538829293,17841400849550874,microsoftlearn,"Microsoft Learn",,0,"03/24/2026 08:00",https://www.instagram.com/stories/microsoftlearn/3859971126496007454,"IG story",,Lifetime,2162,1808,10,0,16,0,1864,,,
18081280577613342,17841400849550874,microsoftlearn,"Microsoft Learn",,0,"03/20/2026 12:43",https://www.instagram.com/stories/microsoftlearn/3857214612811219617,"IG story",,Lifetime,2265,1902,21,6,9,1,1988,1,,
18176147671383042,17841400849550874,microsoftlearn,"Microsoft Learn",,5,"03/17/2026 06:45",https://www.instagram.com/stories/microsoftlearn/3854859998585645082,"IG story",,Lifetime,3316,2538,22,1,35,0,2594,,,91
17938365261017477,17841400849550874,microsoftlearn,"Microsoft Learn",,20,"03/16/2026 12:35",https://www.instagram.com/stories/microsoftlearn/3854311092772632842,"IG story",,Lifetime,1655,1345,19,5,10,0,1536,,,29
18388178830155804,17841400849550874,microsoftlearn,"Microsoft Learn",,0,"03/16/2026 12:02",https://www.instagram.com/stories/microsoftlearn/3854294821909816300,"IG story",,Lifetime,1735,1446,10,0,3,0,1630,,,
18005775710891642,17841400849550874,microsoftlearn,"Microsoft Learn",,0,"03/16/2026 12:01",https://www.instagram.com/stories/microsoftlearn/3854294351468253626,"IG story",,Lifetime,2051,1698,12,1,5,1,1842,,,
18074514461156729,17841400849550874,microsoftlearn,"Microsoft Learn",,0,"03/16/2026 07:01",https://www.instagram.com/stories/microsoftlearn/3854143087174439260,"IG story",,Lifetime,2987,2376,50,5,20,4,2572,,,
18109617163766119,17841400849550874,microsoftlearn,"Microsoft Learn",,0,"03/11/2026 09:00",https://www.instagram.com/stories/microsoftlearn/3850579367479462055,"IG story",,Lifetime,2399,1983,11,1,22,1,2126,1,37,
18070709837200986,17841400849550874,microsoftlearn,"Microsoft Learn",,30,"03/06/2026 17:35",https://www.instagram.com/stories/microsoftlearn/3847244566336881936,"IG story",,Lifetime,2299,1946,22,0,56,0,2063,7,,
18082782998582571,17841400849550874,microsoftlearn,"Microsoft Learn",,14,"03/04/2026 04:07",https://www.instagram.com/stories/microsoftlearn/3845388546769680193,"IG story",,Lifetime,2616,2161,29,0,16,0,2351,,,
17843415996694665,17841400849550874,microsoftlearn,"Microsoft Learn","That early “this feels like magic” moment is when it all starts to click.",0,"02/27/2026 09:45",https://www.instagram.com/stories/microsoftlearn/3841934799208955769,"IG story",,Lifetime,1378,1203,12,0,5,0,1291,,,
18034974989772454,17841400849550874,microsoftlearn,"Microsoft Learn","You’d love exploring how AI handles vision and movement!",0,"02/27/2026 09:44",https://www.instagram.com/stories/microsoftlearn/3841934366792981837,"IG story",,Lifetime,1504,1346,12,0,1,0,1398,,,
18077028425626930,17841400849550874,microsoftlearn,"Microsoft Learn","Love that! AI is so good at helping you get your ideas out of your head and into shape.",0,"02/27/2026 09:43",https://www.instagram.com/stories/microsoftlearn/3841933914823144350,"IG story",,Lifetime,1965,1687,15,0,11,0,1761,,,
17976023759978694,17841400849550874,microsoftlearn,"Microsoft Learn",,0,"02/26/2026 14:15",https://www.instagram.com/stories/microsoftlearn/3841345949587718562,"IG story",,Lifetime,1550,1266,12,0,7,1,1416,,,
17859790239544388,17841400849550874,microsoftlearn,"Microsoft Learn",,0,"02/26/2026 14:15",https://www.instagram.com/stories/microsoftlearn/3841293881766747461,"IG story",,Lifetime,1592,1322,10,0,,0,1423,,,
18078793163599830,17841400849550874,microsoftlearn,"Microsoft Learn",,0,"02/26/2026 14:15",https://www.instagram.com/stories/microsoftlearn/3841293879778643133,"IG story",,Lifetime,1707,1408,10,0,1,0,1528,,,
17953335126095102,17841400849550874,microsoftlearn,"Microsoft Learn",,0,"02/26/2026 14:15",https://www.instagram.com/stories/microsoftlearn/3841293878562306860,"IG story",,Lifetime,1908,1520,9,0,3,0,1671,,,
17919309477270273,17841400849550874,microsoftlearn,"Microsoft Learn",,0,"02/26/2026 14:15",https://www.instagram.com/stories/microsoftlearn/3841293879308871451,"IG story",,Lifetime,2443,1895,12,0,8,0,2109,,,
18337661992244894,17841400849550874,microsoftlearn,"Microsoft Learn",,0,"02/25/2026 17:00",https://www.instagram.com/stories/microsoftlearn/3840703890975472465,"IG story",,Lifetime,1816,1414,13,1,7,1,1505,,26,
18118380148716770,17841400849550874,microsoftlearn,"Microsoft Learn",,0,"02/25/2026 14:18",https://www.instagram.com/stories/microsoftlearn/3840622471070841917,"IG story",,Lifetime,1564,1326,11,2,4,0,1368,,13,
17930938803197379,17841400849550874,microsoftlearn,"Microsoft Learn",,0,"02/25/2026 14:04",https://www.instagram.com/stories/microsoftlearn/3840615546509847625,"IG story",,Lifetime,1599,1364,15,7,3,0,1486,1,,
18074400197438817,17841400849550874,microsoftlearn,"Microsoft Learn",,0,"02/25/2026 14:04",https://www.instagram.com/stories/microsoftlearn/3840615512200398637,"IG story",,Lifetime,2045,1704,15,0,1,1,1848,,,
17860797237607643,17841400849550874,microsoftlearn,"Microsoft Learn","We’re collecting real scenarios like this. What’s a challenging situation you’re facing in your sales role where you wish you could get some advice?",0,"02/24/2026 13:05",https://www.instagram.com/stories/microsoftlearn/3839860855358306247,"IG story",,Lifetime,1665,1360,9,1,3,0,1294,,,
18187092415316871,17841400849550874,microsoftlearn,"Microsoft Learn","If you’re in sales, you know this moment. Do you personalize based on their recent activity…
OR
keep it high-level? Get it wrong and you slow the deal or miss the window.",5,"02/24/2026 13:01",https://www.instagram.com/stories/microsoftlearn/3839858997994682099,"IG story",,Lifetime,1574,1328,9,0,2,0,1419,,,
18218069215315163,17841400849550874,microsoftlearn,"Microsoft Learn","You’re about to send
the message. Your deal has momentum. The buyer is engaged. You pause.",0,"02/24/2026 12:58",https://www.instagram.com/stories/microsoftlearn/3839857417027306946,"IG story",,Lifetime,2091,1742,10,0,13,0,1838,1,,
18434967268119672,17841400849550874,microsoftlearn,"Microsoft Learn",,0,"02/23/2026 12:47",https://www.instagram.com/stories/microsoftlearn/3839127219000724146,"IG story",,Lifetime,1735,1420,13,1,8,1,1578,,40,
17892436815288255,17841400849550874,microsoftlearn,"Microsoft Learn",,0,"02/23/2026 12:47",https://www.instagram.com/stories/microsoftlearn/3839127166378981168,"IG story",,Lifetime,1848,1584,11,0,2,0,1681,,,
18083695598258001,17841400849550874,microsoftlearn,"Microsoft Learn",.,0,"02/23/2026 12:47",https://www.instagram.com/stories/microsoftlearn/3839127113757287197,"IG story",,Lifetime,2534,2107,20,1,11,1,2111,2,,
18070494872538448,17841400849550874,microsoftlearn,"Microsoft Learn",,60,"02/20/2026 17:41",https://www.instagram.com/stories/microsoftlearn/3837100849990802423,"IG story",,Lifetime,2351,2005,17,0,24,0,2157,,,
17986583486780115,17841400849550874,microsoftlearn,"Microsoft Learn",,0,"02/10/2026 19:03",https://www.instagram.com/stories/microsoftlearn/3829894407470719967,"IG story",,Lifetime,2121,1659,13,7,9,1,1873,,40,
18107910700736540,17841400849550874,microsoftlearn,"Microsoft Learn",,0,"02/10/2026 17:00",https://www.instagram.com/stories/microsoftlearn/3829832530263144977,"IG story",,Lifetime,2694,2055,21,3,14,1,2355,,44,
18143084689466554,17841400849550874,microsoftlearn,"Microsoft Learn",,0,"02/06/2026 11:29",https://www.instagram.com/stories/microsoftlearn/3826766833576262403,"IG story",,Lifetime,1631,1369,15,0,6,0,1514,,27,
18034831055775980,17841400849550874,microsoftlearn,"Microsoft Learn",,0,"02/06/2026 11:29",https://www.instagram.com/stories/microsoftlearn/3826766528390316413,"IG story",,Lifetime,1799,1531,16,0,5,0,1656,1,,
18119704384607029,17841400849550874,microsoftlearn,"Microsoft Learn",,0,"02/06/2026 11:28",https://www.instagram.com/stories/microsoftlearn/3826766238396173395,"IG story",,Lifetime,2295,1900,21,0,17,1,2090,1,,
18140584648486225,17841400849550874,microsoftlearn,"Microsoft Learn",,7,"02/04/2026 14:08",https://www.instagram.com/stories/microsoftlearn/3825397475839046066,"IG story",,Lifetime,1042,915,10,0,3,0,980,,14,
17972852919006127,17841400849550874,microsoftlearn,"Microsoft Learn",,8,"02/04/2026 14:08",https://www.instagram.com/stories/microsoftlearn/3825397104450348211,"IG story",,Lifetime,1094,965,10,0,,0,1033,,,
18430713376117961,17841400849550874,microsoftlearn,"Microsoft Learn",,0,"02/04/2026 14:08",https://www.instagram.com/stories/microsoftlearn/3825397026000121692,"IG story",,Lifetime,1153,1023,7,0,1,0,1072,,,
17991671273756266,17841400849550874,microsoftlearn,"Microsoft Learn",,8,"02/04/2026 14:07",https://www.instagram.com/stories/microsoftlearn/3825396755215831213,"IG story",,Lifetime,1218,1065,11,0,3,0,1154,,,
18132248626510254,17841400849550874,microsoftlearn,"Microsoft Learn",,0,"02/04/2026 14:07",https://www.instagram.com/stories/microsoftlearn/3825396625544718484,"IG story",,Lifetime,1305,1130,11,0,5,0,1210,,,
18104894395692262,17841400849550874,microsoftlearn,"Microsoft Learn",,8,"02/04/2026 14:06",https://www.instagram.com/stories/microsoftlearn/3825396271075724861,"IG story",,Lifetime,1436,1226,12,0,4,0,1358,,,
17912549532297313,17841400849550874,microsoftlearn,"Microsoft Learn",,0,"02/04/2026 14:06",https://www.instagram.com/stories/microsoftlearn/3825396190788377656,"IG story",,Lifetime,1570,1343,14,0,3,1,1441,,,
18310974412283079,17841400849550874,microsoftlearn,"Microsoft Learn",,8,"02/04/2026 14:05",https://www.instagram.com/stories/microsoftlearn/3825395836654856207,"IG story",,Lifetime,1926,1677,16,1,13,0,1759,,,
18078717482584157,17841400849550874,microsoftlearn,"Microsoft Learn",,0,"02/03/2026 13:34",https://www.instagram.com/stories/microsoftlearn/3824655414760459496,"IG story",,Lifetime,1864,1552,11,0,8,1,1732,,56,
18503133505079995,17841400849550874,microsoftlearn,"Microsoft Learn",,0,"02/03/2026 13:33",https://www.instagram.com/stories/microsoftlearn/3824654754098883649,"IG story",,Lifetime,2072,1752,12,0,6,1,1901,,,
18078230024206088,17841400849550874,microsoftlearn,"Microsoft Learn",,0,"02/03/2026 13:32",https://www.instagram.com/stories/microsoftlearn/3824654222655392915,"IG story",,Lifetime,2687,2264,15,1,16,1,2395,,,
18141577597487282,17841400849550874,microsoftlearn,"Microsoft Learn",,0,"01/30/2026 05:02",https://www.instagram.com/stories/microsoftlearn/3821498351897408610,"IG story",,Lifetime,1977,1681,15,0,20,0,1824,,48,
18077869079577634,17841400849550874,microsoftlearn,"Microsoft Learn",,0,"01/30/2026 05:01",https://www.instagram.com/stories/microsoftlearn/3821497970148591208,"IG story",,Lifetime,2117,1858,14,0,9,0,1958,,,
17957322111025106,17841400849550874,microsoftlearn,"Microsoft Learn",,0,"01/30/2026 05:01",https://www.instagram.com/stories/microsoftlearn/3821497940159311551,"IG story",,Lifetime,2774,2344,22,0,17,0,2493,,,
18068140817178680,17841400849550874,microsoftlearn,"Microsoft Learn",,10,"01/19/2026 12:27",https://www.instagram.com/stories/microsoftlearn/3813749834080494653,"IG story",,Lifetime,2129,1791,22,1,13,1,1906,,55,
17846342376640657,17841400849550874,microsoftlearn,"Microsoft Learn",,9,"01/19/2026 12:26",https://www.instagram.com/stories/microsoftlearn/3813749519574788370,"IG story",,Lifetime,2722,2322,23,1,25,1,2369,,,
18089654474003206,17841400849550874,microsoftlearn,"Microsoft Learn","Helping higher ed build AI and career‑ready skills for every learner.
Discover how Microsoft and higher ed are teaming up to create real skills, credentials, and connections for an AI‑driven future.",0,"01/16/2026 12:58",https://www.instagram.com/stories/microsoftlearn/3811591110888915756,"IG story",,Lifetime,3338,2609,27,0,42,0,2973,,43,
18084116951140145,17841400849550874,microsoftlearn,"Microsoft Learn",,0,"01/08/2026 07:34",https://www.instagram.com/stories/microsoftlearn/3805630263301853184,"IG story",,Lifetime,4178,3225,25,0,107,0,3707,1,,
17976147575953387,17841400849550874,microsoftlearn,"Microsoft Learn",,0,"12/15/2025 15:18",https://www.instagram.com/stories/microsoftlearn/3788469107717616270,"IG story",,Lifetime,6818,5500,59,14,170,4,5812,6,,
17884628211410298,17841400849550874,microsoftlearn,"Microsoft Learn",,0,"12/05/2025 14:17",https://www.instagram.com/stories/microsoftlearn/3781190472149669958,"IG story",,Lifetime,1518,1177,13,0,10,1,1387,,,
18120495616553423,17841400849550874,microsoftlearn,"Microsoft Learn",,0,"12/05/2025 14:16",https://www.instagram.com/stories/microsoftlearn/3781190045245020568,"IG story",,Lifetime,1569,1247,13,0,3,0,1451,,,
18088006979297362,17841400849550874,microsoftlearn,"Microsoft Learn",,0,"12/05/2025 14:15",https://www.instagram.com/stories/microsoftlearn/3781189607384829925,"IG story",,Lifetime,1683,1328,14,0,4,1,1535,1,,
18243753079305546,17841400849550874,microsoftlearn,"Microsoft Learn",,0,"12/05/2025 14:14",https://www.instagram.com/stories/microsoftlearn/3781188828207899246,"IG story",,Lifetime,1832,1462,18,22,4,0,1695,1,,
18090302774495601,17841400849550874,microsoftlearn,"Microsoft Learn",,0,"12/05/2025 14:14",https://www.instagram.com/stories/microsoftlearn/3781188796171787279,"IG story",,Lifetime,2216,1794,23,0,13,1,1911,,,
18544945024035183,17841400849550874,microsoftlearn,"Microsoft Learn",,0,"11/22/2025 07:00",https://www.instagram.com/stories/microsoftlearn/3771548240026899558,"IG story",,Lifetime,2522,2071,20,0,11,2,1861,2,,
17918184714208821,17841400849550874,microsoftlearn,"Microsoft Learn",,52,"11/21/2025 14:29",https://www.instagram.com/stories/microsoftlearn/3771049631695418486,"IG story",,Lifetime,1889,1610,37,0,7,2,1393,,,
17884413798284824,17841400849550874,microsoftlearn,"Microsoft Learn",,31,"11/21/2025 12:00",https://www.instagram.com/stories/microsoftlearn/3770975094668691888,"IG story",,Lifetime,1907,1657,33,1,10,1,1415,1,,
18079210808130091,17841400849550874,microsoftlearn,"Microsoft Learn",,42,"11/21/2025 10:00",https://www.instagram.com/stories/microsoftlearn/3770914182762926379,"IG story",,Lifetime,2517,2147,44,21,13,1,1644,2,,
18185844988355322,17841400849550874,microsoftlearn,"Microsoft Learn",,51,"11/20/2025 17:53",https://www.instagram.com/stories/microsoftlearn/3770427529690371565,"IG story",,Lifetime,1975,1709,34,0,12,2,1168,,,
17888990760385053,17841400849550874,microsoftlearn,"Microsoft Learn",,40,"11/20/2025 15:48",https://www.instagram.com/stories/microsoftlearn/3770364806080277802,"IG story",,Lifetime,2013,1760,33,0,10,1,1200,,,
17997894674699205,17841400849550874,microsoftlearn,"Microsoft Learn",,18,"11/20/2025 11:43",https://www.instagram.com/stories/microsoftlearn/3770241151891843576,"IG story",,Lifetime,2073,1765,36,0,5,1,1198,1,,
18097058095828289,17841400849550874,microsoftlearn,"Microsoft Learn",,0,"11/20/2025 09:01",https://www.instagram.com/stories/microsoftlearn/3770159724336629998,"IG story",,Lifetime,1996,1725,22,0,1,0,1156,,,
17934985002100267,17841400849550874,microsoftlearn,"Microsoft Learn",,51,"11/20/2025 09:01",https://www.instagram.com/stories/microsoftlearn/3770159567309749443,"IG story",,Lifetime,2340,2006,36,0,16,4,1434,3,,
18170086186374615,17841400849550874,microsoftlearn,"Microsoft Learn",,0,"11/20/2025 07:00",https://www.instagram.com/stories/microsoftlearn/3769764550854601584,"IG story",,Lifetime,313,261,5,0,4,0,283,,,
18118199230557303,17841400849550874,microsoftlearn,"Microsoft Learn",,36,"11/19/2025 18:37",https://www.instagram.com/stories/microsoftlearn/3769725061155273350,"IG story",,Lifetime,2041,1679,27,0,9,1,1156,1,,
18155806150408303,17841400849550874,microsoftlearn,"Microsoft Learn",,24,"11/19/2025 15:29",https://www.instagram.com/stories/microsoftlearn/3769630658747214585,"IG story",,Lifetime,1955,1659,31,0,5,2,1077,1,23,
17861878284535764,17841400849550874,microsoftlearn,"Microsoft Learn",,24,"11/19/2025 14:38",https://www.instagram.com/stories/microsoftlearn/3769604581207432709,"IG story",,Lifetime,1971,1691,34,1,3,1,1102,,,
17952417303029525,17841400849550874,microsoftlearn,"Microsoft Learn",,9,"11/19/2025 12:08",https://www.instagram.com/stories/microsoftlearn/3769529140258148387,"IG story",,Lifetime,2029,1737,25,0,5,0,1084,,,
18004480724820592,17841400849550874,microsoftlearn,"Microsoft Learn",,45,"11/19/2025 11:19",https://www.instagram.com/stories/microsoftlearn/3769504311740092603,"IG story",,Lifetime,2169,1830,30,0,2,1,1201,,,
18093151444910015,17841400849550874,microsoftlearn,"Microsoft Learn",,0,"11/19/2025 07:38",https://www.instagram.com/stories/microsoftlearn/3769393180970931253,"IG story",,Lifetime,2391,1980,24,0,8,0,1365,1,,
17984073083869617,17841400849550874,microsoftlearn,"Microsoft Learn",,43,"11/18/2025 18:43",https://www.instagram.com/stories/microsoftlearn/3769003213929446194,"IG story",,Lifetime,2114,1789,28,0,4,0,1070,,9,
17898972147338229,17841400849550874,microsoftlearn,"Microsoft Learn",,15,"11/18/2025 17:40",https://www.instagram.com/stories/microsoftlearn/3768971393698957730,"IG story",,Lifetime,2291,1885,29,0,4,1,1155,,15,
18026010077758837,17841400849550874,microsoftlearn,"Microsoft Learn",,0,"11/18/2025 17:18",https://www.instagram.com/stories/microsoftlearn/3768960443470162565,"IG story",,Lifetime,2428,1967,25,1,12,0,1235,,,
18093721585878132,17841400849550874,microsoftlearn,"Microsoft Learn",,60,"11/18/2025 14:45",https://www.instagram.com/stories/microsoftlearn/3768883486859117708,"IG story",,Lifetime,2529,2104,32,0,2,0,1334,,,
18066132008613284,17841400849550874,microsoftlearn,"Microsoft Learn",,0,"11/18/2025 14:06",https://www.instagram.com/stories/microsoftlearn/3768863751803146112,"IG story",,Lifetime,385,305,6,0,,0,352,,,
17890305186380335,17841400849550874,microsoftlearn,"Microsoft Learn",,16,"11/18/2025 14:01",https://www.instagram.com/stories/microsoftlearn/3768861429182131229,"IG story",,Lifetime,2824,2363,40,0,11,1,1458,,,
18233047756307003,17841400849550874,microsoftlearn,"Microsoft Learn",,18,"11/18/2025 11:05",https://www.instagram.com/stories/microsoftlearn/3768772685460595002,"IG story",,Lifetime,3296,2623,62,0,11,2,1737,2,16,
17972758040951180,17841400849550874,microsoftlearn,"Microsoft Learn",,19,"11/17/2025 20:54",https://www.instagram.com/stories/microsoftlearn/3768344257800250641,"IG story",,Lifetime,4442,3314,66,2,17,1,2253,3,,
17871231984389675,17841400849550874,microsoftlearn,"Microsoft Learn",,0,"11/17/2025 13:00",https://www.instagram.com/stories/microsoftlearn/3768105551420185032,"IG story",,Lifetime,2852,2258,28,1,20,0,2470,1,,
17893552797360435,17841400849550874,microsoftlearn,"Microsoft Learn",,0,"11/16/2025 07:00",https://www.instagram.com/stories/microsoftlearn/3766839298030472236,"IG story",,Lifetime,2922,2405,22,2,23,1,1444,1,,
17947810749058434,17841400849550874,microsoftlearn,"Microsoft Learn",,0,"11/15/2025 07:00",https://www.instagram.com/stories/microsoftlearn/3766175930575671007,"IG story",,Lifetime,2325,1882,17,0,11,1,1215,,,
18065290508131625,17841400849550874,microsoftlearn,"Microsoft Learn",,0,"11/14/2025 14:43",https://www.instagram.com/stories/microsoftlearn/3765983121952019067,"IG story",,Lifetime,2402,1972,28,18,15,3,2132,1,,
18396752650123616,17841400849550874,microsoftlearn,"Microsoft Learn",,0,"11/13/2025 11:23",https://www.instagram.com/stories/microsoftlearn/3765158077608918209,"IG story",,Lifetime,3083,2444,21,4,41,2,2669,,,
17890148529242349,17841400849550874,microsoftlearn,"Microsoft Learn",,0,"11/10/2025 14:01",https://www.instagram.com/stories/microsoftlearn/3763063137651318676,"IG story",,Lifetime,1439,1166,13,17,7,0,1351,,,
17870770125386774,17841400849550874,microsoftlearn,"Microsoft Learn",,0,"11/10/2025 14:01",https://www.instagram.com/stories/microsoftlearn/3763063108953841597,"IG story",,Lifetime,1511,1243,13,0,3,0,1429,1,,
18329342575209584,17841400849550874,microsoftlearn,"Microsoft Learn",,0,"11/10/2025 14:01",https://www.instagram.com/stories/microsoftlearn/3763063057909156817,"IG story",,Lifetime,1605,1312,11,0,4,0,1487,,,
17877443376427670,17841400849550874,microsoftlearn,"Microsoft Learn",,0,"11/10/2025 14:00",https://www.instagram.com/stories/microsoftlearn/3763062420660177466,"IG story",,Lifetime,1779,1460,12,0,3,0,1607,,,
17893720056355243,17841400849550874,microsoftlearn,"Microsoft Learn",,6,"11/10/2025 08:03",https://www.instagram.com/stories/microsoftlearn/3762882971834610756,"IG story",,Lifetime,2196,1782,26,2,26,0,1862,2,19,
17855565162559642,17841400849550874,microsoftlearn,"Microsoft Learn","Hear how women at
@anitab_org’s @gracehoppercelebration 
define it in their own powerful words",18,"11/07/2025 17:17",https://www.instagram.com/stories/microsoftlearn/3760987307227523161,"IG story",,Lifetime,2586,1972,27,21,3,0,1273,,,
18048501041670003,17841400849550874,microsoftlearn,"Microsoft Learn",,17,"11/07/2025 15:00",https://www.instagram.com/stories/microsoftlearn/3760849801291146133,"IG story",,Lifetime,1349,1185,20,16,3,0,1155,,,
18110966605585641,17841400849550874,microsoftlearn,"Microsoft Learn",,0,"11/07/2025 12:05",https://www.instagram.com/stories/microsoftlearn/3760829927546384613,"IG story",,Lifetime,1312,1105,20,0,3,0,1223,,,
17960366834861251,17841400849550874,microsoftlearn,"Microsoft Learn",,0,"11/07/2025 12:05",https://www.instagram.com/stories/microsoftlearn/3760829931925230912,"IG story",,Lifetime,1408,1169,22,0,5,0,1303,,,
18050079866380317,17841400849550874,microsoftlearn,"Microsoft Learn",,0,"11/07/2025 12:05",https://www.instagram.com/stories/microsoftlearn/3760829927890349907,"IG story",,Lifetime,1526,1273,20,0,2,0,1392,,,
17921589858187604,17841400849550874,microsoftlearn,"Microsoft Learn",,0,"11/07/2025 12:05",https://www.instagram.com/stories/microsoftlearn/3760829929089861279,"IG story",,Lifetime,1799,1522,23,0,5,0,1604,1,,
17928353589140234,17841400849550874,microsoftlearn,"Microsoft Learn",,0,"11/06/2025 15:00",https://www.instagram.com/stories/microsoftlearn/3760193393269354390,"IG story",,Lifetime,1030,886,7,0,4,0,969,,,
18044339738680078,17841400849550874,microsoftlearn,"Microsoft Learn",,0,"11/06/2025 15:00",https://www.instagram.com/stories/microsoftlearn/3760193394224756158,"IG story",,Lifetime,1032,914,8,0,,0,976,,,
18131037703429809,17841400849550874,microsoftlearn,"Microsoft Learn",,0,"11/06/2025 15:00",https://www.instagram.com/stories/microsoftlearn/3760193388906688159,"IG story",,Lifetime,1062,937,8,0,1,0,1008,,,
17849140638592989,17841400849550874,microsoftlearn,"Microsoft Learn",,0,"11/06/2025 15:00",https://www.instagram.com/stories/microsoftlearn/3760193389628066642,"IG story",,Lifetime,1096,974,8,0,,0,1034,,,
17856048075558152,17841400849550874,microsoftlearn,"Microsoft Learn",,0,"11/06/2025 15:00",https://www.instagram.com/stories/microsoftlearn/3760193387606569995,"IG story",,Lifetime,1149,1023,10,0,1,0,1084,,,
17852181870576190,17841400849550874,microsoftlearn,"Microsoft Learn",,7,"11/06/2025 14:00",https://www.instagram.com/stories/microsoftlearn/3760033428344402522,"IG story",,Lifetime,1204,1074,11,0,2,0,982,,,
18098358889706617,17841400849550874,microsoftlearn,"Microsoft Learn",,11,"11/06/2025 12:14",https://www.instagram.com/stories/microsoftlearn/3760110207931387963,"IG story",,Lifetime,1285,1145,15,0,4,1,1189,,,
17861164803457425,17841400849550874,microsoftlearn,"Microsoft Learn","Come join us at the Devicebar",23,"11/06/2025 12:11",https://www.instagram.com/stories/microsoftlearn/3760108476824692979,"IG story",,Lifetime,1409,1242,15,0,1,0,1329,,,
18163023391351625,17841400849550874,microsoftlearn,"Microsoft Learn","Transformation in motion for day 2 
@gracehoppercelebration ✨",5,"11/06/2025 10:37",https://www.instagram.com/stories/microsoftlearn/3760061414728921124,"IG story",,Lifetime,2351,2002,18,0,8,0,1446,1,,7
18111829003583310,17841400849550874,microsoftlearn,"Microsoft Learn",,15,"11/05/2025 16:34",https://www.instagram.com/stories/microsoftlearn/3759516181641055891,"IG story",,Lifetime,1062,931,11,0,6,0,1003,,,
18536803360029891,17841400849550874,microsoftlearn,"Microsoft Learn",,7,"11/05/2025 16:30",https://www.instagram.com/stories/microsoftlearn/3759514110468612963,"IG story",,Lifetime,1589,1386,18,6,2,0,1451,1,,
18084454363991995,17841400849550874,microsoftlearn,"Microsoft Learn",,15,"11/05/2025 12:04",https://www.instagram.com/stories/microsoftlearn/3759380062584949456,"IG story",,Lifetime,1516,1246,12,1,2,0,1407,,,
18000452894838632,17841400849550874,microsoftlearn,"Microsoft Learn",,0,"11/05/2025 11:11",https://www.instagram.com/stories/microsoftlearn/3759353461436361168,"IG story",,Lifetime,1802,1496,14,1,3,1,1576,,,
18054203546322138,17841400849550874,microsoftlearn,"Microsoft Learn","Swing by our booth and show us your learning style! 📍#TE2 in the Tech Expo #GHC25",0,"11/05/2025 10:55",https://www.instagram.com/stories/microsoftlearn/3759345572932335959,"IG story",,Lifetime,2139,1791,21,0,5,0,1813,3,,5
17842071636612804,17841400849550874,microsoftlearn,"Microsoft Learn",,0,"11/04/2025 13:33",https://www.instagram.com/stories/microsoftlearn/3758700260664035375,"IG story",,Lifetime,1499,1256,20,0,7,0,1377,,,
18172682089368499,17841400849550874,microsoftlearn,"Microsoft Learn",,0,"11/04/2025 13:33",https://www.instagram.com/stories/microsoftlearn/3758700278515170025,"IG story",,Lifetime,1555,1351,18,0,3,0,1448,,,
18022071107685511,17841400849550874,microsoftlearn,"Microsoft Learn","Which task do you use Copilot 
for most as a student?",0,"09/16/2025 17:36",https://www.instagram.com/stories/microsoftlearn/3723278479795186231,"IG story",,Lifetime,2457,1890,20,0,16,1,2145,,
18280775971263084,17841400849550874,microsoftlearn,"Microsoft Learn",,0,"09/24/2025 08:32",https://www.instagram.com/stories/microsoftlearn/3728802860432739116,"IG story",,Lifetime,3161,2558,27,0,22,0,2712,1,
17863109940472071,17841400849550874,microsoftlearn,"Microsoft Learn","Students get M365 with Copilot at no cost.
 Land that dream role with AI-powered prep.",0,"09/24/2025 08:35",https://www.instagram.com/stories/microsoftlearn/3728804168040550494,"IG story",,Lifetime,2640,2096,24,3,7,0,2317,,
17918675253170805,17841400849550874,microsoftlearn,"Microsoft Learn",,0,"09/24/2025 08:36",https://www.instagram.com/stories/microsoftlearn/3728804699215584669,"IG story",,Lifetime,2468,1833,25,8,12,1,2231,,113
17955665450878115,17841400849550874,microsoftlearn,"Microsoft Learn",,17,"10/24/2025 12:06",https://www.instagram.com/stories/microsoftlearn/3750653581277165287,"IG story",,Lifetime,3052,2396,35,2,32,1,1899,6,
18084762529810646,17841400849550874,microsoftlearn,"Microsoft Learn",,0,"10/25/2025 14:00",https://www.instagram.com/stories/microsoftlearn/3751435858080842648,"IG story",,Lifetime,2751,2242,21,3,17,0,2420,1,
18360295648095338,17841400849550874,microsoftlearn,"Microsoft Learn",,0,"10/25/2025 14:00",https://www.instagram.com/stories/microsoftlearn/3751435887323564706,"IG story",,Lifetime,2281,1783,17,0,8,0,2019,,
17897103294335741,17841400849550874,microsoftlearn,"Microsoft Learn",,5,"10/28/2025 10:16",https://www.instagram.com/stories/microsoftlearn/3753497266616454124,"IG story",,Lifetime,2047,1643,22,0,18,1,1792,1,
18130560601485289,17841400849550874,microsoftlearn,"Microsoft Learn","The moment you walk in, the creativity hits you. GitHub Universe Day 1 is officially live.",0,"10/28/2025 16:27",https://www.instagram.com/stories/microsoftlearn/3753684027363423711,"IG story",,Lifetime,1751,1460,28,0,4,1,1542,,
18055525475285125,17841400849550874,microsoftlearn,"Microsoft Learn","Live from the Microsoft booth - hands-on demos, real code, and great conversations about how AI is changing the way we build.",0,"10/28/2025 16:27",https://www.instagram.com/stories/microsoftlearn/3753684093625007009,"IG story",,Lifetime,1527,1312,19,0,,1,1402,,
17988267857730577,17841400849550874,microsoftlearn,"Microsoft Learn","Powered by caffeine + CICD Blast. Staying hydrated, developer edition.",0,"10/28/2025 16:27",https://www.instagram.com/stories/microsoftlearn/3753684136557903933,"IG story",,Lifetime,1411,1236,16,0,,0,1298,,
18349207444165724,17841400849550874,microsoftlearn,"Microsoft Learn","Documentation, but make it friendly. 🐥",0,"10/28/2025 16:28",https://www.instagram.com/stories/microsoftlearn/3753684721612963947,"IG story",,Lifetime,1313,1178,15,0,1,0,1222,,
17923302246155892,17841400849550874,microsoftlearn,"Microsoft Learn","Silent Disco Demo, where learning meets lo-fi energy.",0,"10/28/2025 16:29",https://www.instagram.com/stories/microsoftlearn/3753685248434332849,"IG story",,Lifetime,1245,1131,11,0,1,0,1168,,
18434855707096488,17841400849550874,microsoftlearn,"Microsoft Learn","The GitHub Universe entrance feels like stepping inside a level-up screen.",0,"10/28/2025 16:30",https://www.instagram.com/stories/microsoftlearn/3753685636499711888,"IG story",,Lifetime,1185,1091,14,0,1,0,1104,,
17991239957719981,17841400849550874,microsoftlearn,"Microsoft Learn","Stories from builders around the world. Always love seeing how developers turn ideas into impact.",0,"10/28/2025 16:31",https://www.instagram.com/stories/microsoftlearn/3753686417697230499,"IG story",,Lifetime,1169,1073,11,0,2,0,1094,,
18083640379994917,17841400849550874,microsoftlearn,"Microsoft Learn","The Octocat is watching over every line of code.",0,"10/28/2025 16:32",https://www.instagram.com/stories/microsoftlearn/3753686898498696779,"IG story",,Lifetime,1174,1035,11,0,7,2,1089,,
18405376699140456,17841400849550874,microsoftlearn,"Microsoft Learn","GitHub Universe ‘25
is actually a playground
for devs",0,"10/29/2025 18:33",https://www.instagram.com/stories/microsoftlearn/3754472226515704521,"IG story",,Lifetime,2491,2052,37,0,16,1,2145,3,
17927539773136397,17841400849550874,microsoftlearn,"Microsoft Learn","Open Source
energy only.",0,"10/29/2025 18:33",https://www.instagram.com/stories/microsoftlearn/3754472473946067165,"IG story",,Lifetime,1933,1645,22,0,2,0,1766,,
18081461960019848,17841400849550874,microsoftlearn,"Microsoft Learn","hacking badges &
making friends",0,"10/29/2025 18:34",https://www.instagram.com/stories/microsoftlearn/3754472802863396589,"IG story",,Lifetime,1752,1532,23,0,2,0,1593,,
18151674739411867,17841400849550874,microsoftlearn,"Microsoft Learn","wonder what this could be?",0,"10/29/2025 18:34",https://www.instagram.com/stories/microsoftlearn/3754472944991583348,"IG story",,Lifetime,1641,1437,17,0,,0,1508,,
18555487951016332,17841400849550874,microsoftlearn,"Microsoft Learn","engineers making their own LED!!",0,"10/29/2025 18:35",https://www.instagram.com/stories/microsoftlearn/3754473278673616064,"IG story",,Lifetime,1580,1397,20,0,1,0,1456,,
17887363629377784,17841400849550874,microsoftlearn,"Microsoft Learn","tasty treats for web devs (literally)",0,"10/29/2025 18:35",https://www.instagram.com/stories/microsoftlearn/3754473522589160492,"IG story",,Lifetime,1530,1354,20,0,1,1,1405,,
17996975390832457,17841400849550874,microsoftlearn,"Microsoft Learn","mission control looks unreal…

GitHub Universe ‘25",0,"10/29/2025 18:36",https://www.instagram.com/stories/microsoftlearn/3754473816677009216,"IG story",,Lifetime,1535,1284,22,15,5,1,1390,,
18085840477778073,17841400849550874,microsoftlearn,"Microsoft Learn",,0,"10/31/2025 07:22",https://www.instagram.com/stories/microsoftlearn/3755584204512799652,"IG story",,Lifetime,2557,2165,14,0,12,1,2229,,
17843499540607992,17841400849550874,microsoftlearn,"Microsoft Learn",,0,"10/31/2025 07:22",https://www.instagram.com/stories/microsoftlearn/3755584240457961949,"IG story",,Lifetime,2090,1698,13,0,19,0,1905,,
17852381316573666,17841400849550874,microsoftlearn,"Microsoft Learn",,7,"11/04/2025 06:29",https://www.instagram.com/stories/microsoftlearn/3758486933891528090,"IG story",,Lifetime,2440,2022,33,1,26,0,2102,1,
18066302261431769,17841400849550874,microsoftlearn,"Microsoft Learn",,0,"11/04/2025 13:33",https://www.instagram.com/stories/microsoftlearn/3758700260521576074,"IG story",,Lifetime,1893,1599,20,0,7,0,1714,1,
18078606412964854,17841400849550874,microsoftlearn,"Microsoft Learn",,0,"09/16/2025 12:35",https://www.instagram.com/stories/microsoftlearn/3723126863029249476,"IG story",,Lifetime,3655,2350,36,19,33,3,2873,3,
